<?xml version="1.0" encoding="utf-8" ?>
<export domain="com.lingoport.server.Ruleset" version="2">
  <ruleset id="3512" name="CSharp Sandbox" language="c#" enabled="true" shared="true">
    <extension extension="asax" description=".NET files can contain C#" serverscript="c#" clientscript="javascript" enabled="true"/>
    <extension extension="ashx" description=".NET web service handler page" serverscript="c#" clientscript="javascript" enabled="true"/>
    <extension extension="cs" description="C# source file" serverscript="" clientscript="" enabled="true"/>
    <extension extension="ascx" description=".NET web custom control" serverscript="c#" clientscript="javascript" enabled="true"/>
    <extension extension="aspx" description=".NET Active Server Page" serverscript="c#" clientscript="javascript" enabled="true"/>
    <extension extension="cshtml" description="Razor files can contain csharp" serverscript="c#" clientscript="javascript" enabled="true"/>
    <stringRetentionPattern name="Date Format - MMMM dd yyyy" pattern="MMM(M)?\s*d(,|d)\s*yyyy" description="Hard-coded date formats need to be internationalized." category="" helpPage="" enabled="true" priority="1"/>
    <stringRetentionPattern name="Date Format - hours:minutes" pattern="hh:mm\s*(dd\s*MM\s*yyyy)?" description="Hard-coded date formats need to be internationalized." category="" helpPage="" enabled="true" priority="1"/>
    <stringRetentionPattern name="Date Format - dd.MM.yyyy" pattern="dd\.MM\.yyyy" description="Hard-coded date formats need to be internationalized." category="" helpPage="" enabled="true" priority="1"/>
    <stringRetentionPattern name="Date Format - Day, day month year" pattern="D,\s*dd?\s*M\s*yy?" description="Hard-coded date formats need to be internationalized." category="" helpPage="" enabled="true" priority="1"/>
    <stringRetentionPattern name="Extended Characters" pattern="[\x80-\xFF]" description="Do not filter strings with extended characters." category="" helpPage="" enabled="true" priority="1"/>
    <stringRetentionPattern name="Technical Terms" pattern="(?i)(\bWiMAX\b|\bWiFi\b)" description="Do not filter camel case technical terms and abbreviations that appear in dictionary." category="" helpPage="" enabled="true" priority="1"/>
    <stringRetentionPattern name="Date Format - 6AM or 7:00 PM" pattern="(?i)[0-9]\s*(am|pm)\b" description="Hard-coded date formats need to be internationalized." category="" helpPage="" enabled="true" priority="1"/>
    <stringRetentionPattern name="Date Format - dddd dd" pattern="dddd\s*dd" description="Hard-coded date formats need to be internationalized." category="" helpPage="" enabled="true" priority="1"/>
    <stringRetentionPattern name="Date Format - dd/MM/yy" pattern="dd/MM/yy(yy\s*HH:mm)?" description="Hard-coded date formats need to be internationalized." category="" helpPage="" enabled="true" priority="1"/>
    <stringRetentionPattern name="Date Format - mm-dd-yyyy" pattern="mm-dd-yyyy" description="Hard-coded date formats need to be internationalized." category="" helpPage="" enabled="true" priority="1"/>
    <stringRetentionPattern name="Date Format - year:month:day" pattern="yyyy:MM:dd" description="Hard-coded date formats need to be internationalized." category="" helpPage="" enabled="true" priority="1"/>
    <stringRetentionPattern name="Date Format - M/dd/yy" pattern="M/dd/yy" description="Hard-coded date formats need to be internationalized." category="" helpPage="" enabled="true" priority="1"/>
    <stringMethodPattern name="DeselectTab" pattern="DeselectTab" description="Detect strings passed to this method" category="" helpPage="" enabled="true" priority="1" varTypes=""/>
    <stringMethodPattern name="SetText" pattern="SetText" description="Detect strings passed to this method" category="" helpPage="" enabled="true" priority="1" varTypes=""/>
    <stringMethodPattern name="ToolStripLabel" pattern="ToolStripLabel" description="Detect strings passed to this method" category="" helpPage="" enabled="true" priority="1" varTypes=""/>
    <stringMethodPattern name="ToolStripComboBox" pattern="ToolStripComboBox" description="Detect strings passed to this method" category="" helpPage="" enabled="true" priority="1" varTypes=""/>
    <stringMethodPattern name="ToolStripDropDownButton" pattern="ToolStripDropDownButton" description="Detect strings passed to this method" category="" helpPage="" enabled="true" priority="1" varTypes=""/>
    <stringMethodPattern name="TreeNode" pattern="TreeNode" description="Detect strings passed to this method" category="" helpPage="" enabled="true" priority="1" varTypes=""/>
    <stringMethodPattern name="Control" pattern="Control" description="Detect strings passed to this method" category="" helpPage="" enabled="true" priority="1" varTypes=""/>
    <stringMethodPattern name="Find" pattern="Find" description="Detect strings passed to this method" category="" helpPage="" enabled="true" priority="1" varTypes=""/>
    <stringMethodPattern name="ToolStripButton" pattern="ToolStripButton" description="Detect strings passed to this method" category="" helpPage="" enabled="true" priority="1" varTypes=""/>
    <stringMethodPattern name="ToolStripDropDownItem" pattern="ToolStripDropDownItem" description="Detect strings passed to this method" category="" helpPage="" enabled="true" priority="1" varTypes=""/>
    <stringMethodPattern name="FindItemWithText" pattern="FindItemWithText" description="Detect strings passed to this method" category="" helpPage="" enabled="true" priority="1" varTypes=""/>
    <stringMethodPattern name="ToolStripTextBox" pattern="ToolStripTextBox" description="Detect strings passed to this method" category="" helpPage="" enabled="true" priority="1" varTypes=""/>
    <stringMethodPattern name="ToolStripMenuItem" pattern="ToolStripMenuItem" description="Detect strings passed to this method" category="" helpPage="" enabled="true" priority="1" varTypes=""/>
    <stringMethodPattern name="ToolStripSplitButton" pattern="ToolStripSplitButton" description="Detect strings passed to this method" category="" helpPage="" enabled="true" priority="1" varTypes=""/>
    <stringMethodPattern name="SelectTab" pattern="SelectTab" description="Detect strings passed to this method" category="" helpPage="" enabled="true" priority="1" varTypes=""/>
    <stringMethodPattern name="FindStringExact" pattern="FindStringExact" description="Detect strings passed to this method" category="" helpPage="" enabled="true" priority="1" varTypes=""/>
    <stringMethodPattern name="Show" pattern="Show" description="Detect strings passed to this method" category="" helpPage="" enabled="true" priority="1" varTypes=""/>
    <stringMethodPattern name="ToolStrip.CreateDefaultItem" pattern="ToolStrip\.CreateDefaultItem" description="Detect strings passed to this method" category="" helpPage="" enabled="true" priority="1" varTypes=""/>
    <stringMethodPattern name="ToolStripProgressBar" pattern="ToolStripProgressBar" description="Detect strings passed to this method" category="" helpPage="" enabled="true" priority="1" varTypes=""/>
    <stringMethodPattern name="ToolStripStatusLabel" pattern="ToolStripStatusLabel" description="Detect strings passed to this method" category="" helpPage="" enabled="true" priority="1" varTypes=""/>
    <stringMethodPattern name="TabPage" pattern="TabPage" description="Detect strings passed to this method" category="" helpPage="" enabled="true" priority="1" varTypes=""/>
    <stringMethodPattern name="SetToolTip" pattern="SetToolTip" description="Detect strings passed to this method" category="" helpPage="" enabled="true" priority="1" varTypes=""/>
    <stringMethodPattern name="FindString" pattern="FindString" description="Detect strings passed to this method" category="" helpPage="" enabled="true" priority="1" varTypes=""/>
    <stringMethodPattern name="StatusStrip.CreateDefaultItem" pattern="StatusStrip\.CreateDefaultItem" description="Detect strings passed to this method" category="" helpPage="" enabled="true" priority="1" varTypes=""/>
    <localeSensitiveMethodPatternGroup name="Culture and Number Format" description="Culture-based sorting, comparison and numeric formatting" enabled="true">
      <localeSensitiveMethodPattern name="CreateInstanceFrom" pattern="CreateInstanceFrom" description="CreateInstanceFrom" category="" helpPage="localeSensitiveMethods/cs_appCrInFrom.html" enabled="true" priority="3" varTypes="" paramTypes=""/>
      <localeSensitiveMethodPattern name="CreateInstance" pattern="CreateInstance" description="CreateInstance" category="" helpPage="localeSensitiveMethods/cs_appCrIn.html" enabled="true" priority="3" varTypes="" paramTypes=""/>
      <localeSensitiveMethodPattern name="CultureInfo.CreateSpecificCulture" pattern="CreateSpecificCulture" description="CreateSpecificCulture" category="" helpPage="localeSensitiveMethods/cs_CreateSpecificCulture.html" enabled="true" priority="3" varTypes="" paramTypes=""/>
      <localeSensitiveMethodPattern name="CompareTo" pattern="CompareTo" description="CompareTo" category="" helpPage="localeSensitiveMethods/cs_CompareTo.html" enabled="true" priority="2" varTypes="" paramTypes=""/>
      <localeSensitiveMethodPattern name="SortedList" pattern="SortedList" description="SortedList" category="" helpPage="localeSensitiveMethods/cs_SortedList.html" enabled="true" priority="2" varTypes="" paramTypes=""/>
      <localeSensitiveMethodPattern name="CaseInsensitiveHashCodeProvider" pattern="CaseInsensitiveHashCodeProvider" description="CaseInsensitiveHashCodeProvider" category="" helpPage="localeSensitiveMethods/cs_CaseInsensitiveHashCodeProvider.html" enabled="true" priority="3" varTypes="" paramTypes=""/>
      <localeSensitiveMethodPattern name="ArrayList.Sort" pattern="Sort" description="ArrayList.Sort" category="" helpPage="localeSensitiveMethods/cs_Sort.html" enabled="true" priority="2" varTypes="" paramTypes=""/>
      <localeSensitiveMethodPattern name="InputLanguageChangingEventArgs" pattern="InputLanguageChangingEventArgs" description="InputLanguageChangingEventArgs" category="" helpPage="localeSensitiveMethods/cs_inLngChging.html" enabled="true" priority="3" varTypes="" paramTypes=""/>
      <localeSensitiveMethodPattern name="ToUpper" pattern="ToUpper" description="ToUpper" category="" helpPage="localeSensitiveMethods/cs_toUpper.html" enabled="true" priority="3" varTypes="" paramTypes=""/>
      <localeSensitiveMethodPattern name="CompareInfo.GetSortKey" pattern="GetSortKey" description="CompareInfo.GetSortKey" category="" helpPage="localeSensitiveMethods/cs_GetSortKey.html" enabled="true" priority="2" varTypes="" paramTypes=""/>
      <localeSensitiveMethodPattern name="CompareInfo.IndexOf" pattern="IndexOf" description="CompareInfo.IndexOf" category="" helpPage="localeSensitiveMethods/cs_IndexOf.html" enabled="true" priority="3" varTypes="" paramTypes=""/>
      <localeSensitiveMethodPattern name="ToLower" pattern="ToLower" description="ToLower" category="" helpPage="localeSensitiveMethods/cs_toLower.html" enabled="true" priority="3" varTypes="" paramTypes=""/>
      <localeSensitiveMethodPattern name="MethodBase.Invoke" pattern="MethodBase\.Invoke" description="MethodBase.Invoke" category="" helpPage="localeSensitiveMethods/cs_mbInvk.html" enabled="true" priority="3" varTypes="" paramTypes=""/>
      <localeSensitiveMethodPattern name="CreateCaseInsensitiveHashTable" pattern="CreateCaseInsensitiveHashTable" description="CreateCaseInsensitiveHashTable" category="" helpPage="localeSensitiveMethods/cs_CreateCaseInsensitiveHashTable.html" enabled="true" priority="3" varTypes="" paramTypes=""/>
      <localeSensitiveMethodPattern name="CreateInstanceFromAndUnwrap" pattern="CreateInstanceFromAndUnwrap" description="CreateInstanceFromAndUnwrap" category="" helpPage="localeSensitiveMethods/cs_appCrInFromUn.html" enabled="true" priority="3" varTypes="" paramTypes=""/>
      <localeSensitiveMethodPattern name="Append" pattern="Append" description="Append" category="" helpPage="localeSensitiveMethods/cs_Append.html" enabled="true" priority="0" varTypes="" paramTypes=""/>
      <localeSensitiveMethodPattern name="CompareInfo.GetCompareInfo" pattern="GetCompareInfo" description="CompareInfo.GetCompareInfo" category="" helpPage="localeSensitiveMethods/cs_GetCompareInfo.html" enabled="true" priority="2" varTypes="" paramTypes=""/>
      <localeSensitiveMethodPattern name="InvokeMember" pattern="InvokeMember" description="InvokeMember" category="" helpPage="localeSensitiveMethods/cs_invkMem.html" enabled="true" priority="3" varTypes="" paramTypes=""/>
      <localeSensitiveMethodPattern name="CreateInstanceAndUnwrap" pattern="CreateInstanceAndUnwrap" description="CreateInstanceAndUnwrap" category="" helpPage="localeSensitiveMethods/cs_appCrInUn.html" enabled="true" priority="3" varTypes="" paramTypes=""/>
      <localeSensitiveMethodPattern name="ToDecimal" pattern="ToDecimal" description="ToDecimal" category="" helpPage="localeSensitiveMethods/cs_toDecimal.html" enabled="true" priority="1" varTypes="" paramTypes=""/>
      <localeSensitiveMethodPattern name="Regex.Split" pattern="Split" description="Regex.Split" category="" helpPage="localeSensitiveMethods/cs_Split.html" enabled="true" priority="3" varTypes="" paramTypes=""/>
      <localeSensitiveMethodPattern name="Compare" pattern="Compare" description="Compare" category="" helpPage="localeSensitiveMethods/cs_compare.html" enabled="true" priority="2" varTypes="" paramTypes=""/>
      <localeSensitiveMethodPattern name="Concat" pattern="Concat" description="Concat" category="" helpPage="localeSensitiveMethods/cs_Concat.html" enabled="true" priority="0" varTypes="" paramTypes=""/>
      <localeSensitiveMethodPattern name="CultureInfo" pattern="CultureInfo" description="CultureInfo" category="" helpPage="localeSensitiveMethods/cs_culInfoCnstr.html" enabled="true" priority="3" varTypes="" paramTypes=""/>
      <localeSensitiveMethodPattern name="Insert" pattern="Insert" description="Insert" category="" helpPage="localeSensitiveMethods/cs_Insert.html" enabled="true" priority="1" varTypes="" paramTypes=""/>
      <localeSensitiveMethodPattern name="Format" pattern="Format" description="Format" category="" helpPage="localeSensitiveMethods/cs_format.html" enabled="true" priority="3" varTypes="" paramTypes=""/>
      <localeSensitiveMethodPattern name="InputLanguageChangedEventArgs" pattern="InputLanguageChangedEventArgs" description="InputLanguageChangedEventArgs" category="" helpPage="localeSensitiveMethods/cs_inLngChged.html" enabled="true" priority="3" varTypes="" paramTypes=""/>
      <localeSensitiveMethodPattern name="SetValue" pattern="SetValue" description="SetValue" category="" helpPage="localeSensitiveMethods/cs_fieldBldr.html" enabled="true" priority="3" varTypes="" paramTypes=""/>
      <localeSensitiveMethodPattern name="CaseInsensitiveComparer" pattern="CaseInsensitiveComparer" description="CaseInsensitiveComparer" category="" helpPage="localeSensitiveMethods/cs_InsCmpr.html" enabled="true" priority="2" varTypes="" paramTypes=""/>
    </localeSensitiveMethodPatternGroup>
    <localeSensitiveMethodPatternGroup name="Type Conversion" description="String type conversion" enabled="true">
      <localeSensitiveMethodPattern name="Parse" pattern="Parse" description="Parse" category="" helpPage="localeSensitiveMethods/cs_Parse.html" enabled="true" priority="1" varTypes="" paramTypes=""/>
      <localeSensitiveMethodPattern name="ConvertFromString" pattern="ConvertFromString" description="ConvertFromString" category="" helpPage="localeSensitiveMethods/cs_typeConvFromStr.html" enabled="true" priority="1" varTypes="" paramTypes=""/>
      <localeSensitiveMethodPattern name="FromString" pattern="FromString" description="FromString" category="" helpPage="localeSensitiveMethods/cs_FromString.html" enabled="true" priority="1" varTypes="" paramTypes=""/>
      <localeSensitiveMethodPattern name="ConvertFrom" pattern="ConvertFrom" description="ConvertFrom" category="" helpPage="localeSensitiveMethods/cs_typeConvFrom.html" enabled="true" priority="2" varTypes="" paramTypes=""/>
      <localeSensitiveMethodPattern name="ToString" pattern="ToString" description="ToString" category="" helpPage="localeSensitiveMethods/cs_toString.html" enabled="true" priority="3" varTypes="" paramTypes=""/>
      <localeSensitiveMethodPattern name="ConvertTo" pattern="ConvertTo" description="ConvertTo" category="" helpPage="localeSensitiveMethods/cs_typeConvTo.html" enabled="true" priority="2" varTypes="" paramTypes=""/>
      <localeSensitiveMethodPattern name="ConvertToString" pattern="ConvertToString" description="ConvertToString" category="" helpPage="localeSensitiveMethods/cs_typeConvToStr.html" enabled="true" priority="1" varTypes="" paramTypes=""/>
    </localeSensitiveMethodPatternGroup>
    <localeSensitiveMethodPatternGroup name="Encoding Methods" description="Character and File encoding" enabled="true">
      <localeSensitiveMethodPattern name="Encoding.GetDecoder" pattern="GetDecoder" description="CodePagesToCodePage" category="" helpPage="localeSensitiveMethods/cs_GetDecoder.html" enabled="true" priority="3" varTypes="" paramTypes=""/>
      <localeSensitiveMethodPattern name="UTF8Encoding" pattern="UTF8Encoding" description="UTF8Encoding" category="" helpPage="localeSensitiveMethods/cs_utf8.html" enabled="true" priority="3" varTypes="" paramTypes=""/>
      <localeSensitiveMethodPattern name="StructLayout" pattern="StructLayout" description="Charset parameter must be specified" category="" helpPage="localeSensitiveMethods/cs_StructLayout.html" enabled="true" priority="1" varTypes="" paramTypes=""/>
      <localeSensitiveMethodPattern name="Encoding.GetBytes" pattern="GetBytes" description="CodePagesToCodePage" category="" helpPage="localeSensitiveMethods/cs_GetBytes.html" enabled="true" priority="1" varTypes="" paramTypes=""/>
      <localeSensitiveMethodPattern name="ReadLine" pattern="ReadLine" description="ReadLine" category="" helpPage="localeSensitiveMethods/cs_ReadLine.html" enabled="true" priority="2" varTypes="" paramTypes=""/>
      <localeSensitiveMethodPattern name="DllImport" pattern="DllImport" description="Charset parameter must be specified" category="" helpPage="localeSensitiveMethods/cs_DllImport.html" enabled="true" priority="1" varTypes="" paramTypes=""/>
      <localeSensitiveMethodPattern name="Encoding" pattern="Encoding" description="Encoding Constructor" category="" helpPage="localeSensitiveMethods/cs_Encoding.html" enabled="true" priority="1" varTypes="" paramTypes=""/>
      <localeSensitiveMethodPattern name="StreamWriter" pattern="StreamWriter" description="StreamWriter" category="" helpPage="localeSensitiveMethods/cs_StreamWriter.html" enabled="true" priority="3" varTypes="" paramTypes=""/>
      <localeSensitiveMethodPattern name="UTF7Encoding" pattern="UTF7Encoding" description="UTF7Encoding" category="" helpPage="localeSensitiveMethods/cs_utf7.html" enabled="true" priority="3" varTypes="" paramTypes=""/>
      <localeSensitiveMethodPattern name="Read" pattern="Read" description="Read" category="" helpPage="localeSensitiveMethods/cs_Read.html" enabled="true" priority="2" varTypes="" paramTypes=""/>
      <localeSensitiveMethodPattern name="StreamReader" pattern="StreamReader" description="StreamReader" category="" helpPage="localeSensitiveMethods/cs_StreamReader.html" enabled="true" priority="3" varTypes="" paramTypes=""/>
      <localeSensitiveMethodPattern name="ASCIIEncoding" pattern="ASCIIEncoding" description="ASCIIEncoding" category="" helpPage="localeSensitiveMethods/cs_asciiEncoding.html" enabled="true" priority="1" varTypes="" paramTypes=""/>
      <localeSensitiveMethodPattern name="UnicodeEncoding" pattern="UnicodeEncoding" description="UnicodeEncoding" category="" helpPage="localeSensitiveMethods/cs_unicodeEncoding.html" enabled="true" priority="3" varTypes="" paramTypes=""/>
      <localeSensitiveMethodPattern name="WriteLine" pattern="WriteLine" description="WriteLine" category="" helpPage="localeSensitiveMethods/cs_WriteLine.html" enabled="true" priority="2" varTypes="" paramTypes=""/>
      <localeSensitiveMethodPattern name="Encoding.GetEncoder" pattern="GetEncoder" description="CodePagesToCodePage" category="" helpPage="localeSensitiveMethods/cs_GetEncoder.html" enabled="true" priority="3" varTypes="" paramTypes=""/>
      <localeSensitiveMethodPattern name="Write" pattern="Write" description="Write" category="" helpPage="localeSensitiveMethods/cs_Write.html" enabled="true" priority="2" varTypes="" paramTypes=""/>
    </localeSensitiveMethodPatternGroup>
    <localeSensitiveMethodPatternGroup name="Date/Time" description="Date and Time formatting and display" enabled="true">
      <localeSensitiveMethodPattern name="DateTimeFormatInfo" pattern="DateTimeFormatInfo" description="DateTimeFormatInfo" category="" helpPage="localeSensitiveMethods/cs_DateTimeFormatInfo.html" enabled="true" priority="1" varTypes="" paramTypes=""/>
      <localeSensitiveMethodPattern name="DateTime" pattern="DateTime" description="DateTime" category="" helpPage="localeSensitiveMethods/cs_DateTime.html" enabled="true" priority="1" varTypes="" paramTypes=""/>
      <localeSensitiveMethodPattern name="DateTimeOffset" pattern="DateTimeOffset" description="DateTimeOffset" category="" helpPage="localeSensitiveMethods/cs_DateTimeOffset.html" enabled="true" priority="2" varTypes="" paramTypes=""/>
    </localeSensitiveMethodPatternGroup>
    <staticFilePattern name=".wsdd" pattern="\.wsdd" description="XML" category="" helpPage="" enabled="true" priority="1"/>
    <staticFilePattern name=".xsl" pattern="\.xsl" description="XML" category="" helpPage="" enabled="true" priority="1"/>
    <staticFilePattern name=".wav" pattern="\.wav" description="Audio" category="" helpPage="" enabled="true" priority="1"/>
    <staticFilePattern name=".xslt" pattern="\.xslt" description="XML" category="" helpPage="" enabled="true" priority="1"/>
    <staticFilePattern name=".less" pattern="\.less" description="Style Sheet" category="" helpPage="" enabled="true" priority="1"/>
    <staticFilePattern name=".html" pattern="\.html?" description="Static Web File" category="" helpPage="" enabled="true" priority="1"/>
    <staticFilePattern name=".tiff" pattern="\.tiff" description="Image" category="" helpPage="" enabled="true" priority="1"/>
    <staticFilePattern name=".shtml" pattern="\.shtml" description="Static Web File" category="" helpPage="" enabled="true" priority="1"/>
    <staticFilePattern name=".sass" pattern="\.sass" description="Style Sheet" category="" helpPage="" enabled="true" priority="1"/>
    <staticFilePattern name=".gif" pattern="\.gif" description="Image" category="" helpPage="" enabled="true" priority="1"/>
    <staticFilePattern name=".xsd" pattern="\.xsd" description="XML" category="" helpPage="" enabled="true" priority="1"/>
    <staticFilePattern name=".png" pattern="\.png" description="Image" category="" helpPage="" enabled="true" priority="1"/>
    <staticFilePattern name=".xliff" pattern="\.xliff" description="XML" category="" helpPage="" enabled="true" priority="1"/>
    <staticFilePattern name=".xpm" pattern="\.xpm" description="XML" category="" helpPage="" enabled="true" priority="1"/>
    <staticFilePattern name=".bmp" pattern="\.bmp" description="Image" category="" helpPage="" enabled="true" priority="1"/>
    <staticFilePattern name=".scss" pattern="\.scss" description="Style Sheet" category="" helpPage="" enabled="true" priority="1"/>
    <staticFilePattern name=".css" pattern="\.css" description="Style Sheet" category="" helpPage="" enabled="true" priority="1"/>
    <staticFilePattern name=".avi" pattern="\.avi" description="Video" category="" helpPage="" enabled="true" priority="1"/>
    <staticFilePattern name=".ico" pattern="\.ico" description="Image" category="" helpPage="" enabled="true" priority="1"/>
    <staticFilePattern name=".styl" pattern="\.styl" description="Style Sheet" category="" helpPage="" enabled="true" priority="1"/>
    <staticFilePattern name=".xml" pattern="\.xml" description="XML" category="" helpPage="" enabled="true" priority="1"/>
    <staticFilePattern name=".mov" pattern="\.mov" description="Movie" category="" helpPage="" enabled="true" priority="1"/>
    <staticFilePattern name=".wsdl" pattern="\.wsdl" description="XML" category="" helpPage="" enabled="true" priority="1"/>
    <staticFilePattern name=".tld" pattern="\.tld" description="XML" category="" helpPage="" enabled="true" priority="1"/>
    <staticFilePattern name=".rmd" pattern="\.rmd" description="XML" category="" helpPage="" enabled="true" priority="1"/>
    <staticFilePattern name=".jpeg" pattern="\.jpe?g" description="Image" category="" helpPage="" enabled="true" priority="1"/>
    <staticFilePattern name=".swf" pattern="\.swf" description="Flash" category="" helpPage="" enabled="true" priority="1"/>
    <staticFilePattern name=".xul" pattern="\.xul" description="XML" category="" helpPage="" enabled="true" priority="1"/>
    <generalPattern name="CheckAlign" pattern="\bCheckAlign\b" description="CheckBox and RadioButton CheckAlign" category="" helpPage="" enabled="true" priority="3"/>
    <generalPattern name="Encoding.BigEndianUnicode" pattern="\bEncoding\.BigEndianUnicode\b" description="Encoding.BigEndianUnicode" category="" helpPage="generalPatterns/cs_EncodingBigEndian.html" enabled="true" priority="3"/>
    <generalPattern name="ExactSpelling" pattern="\bExactSpelling\b" description="DLL Import ExactSpelling Charset Attribute" category="" helpPage="" enabled="true" priority="1"/>
    <generalPattern name="CharSet.Auto" pattern="\bCharSet\.Auto\b" description="DLL Import CharSet.Auto" category="" helpPage="" enabled="true" priority="1"/>
    <generalPattern name="ISO-Latin" pattern="(?i)ISO-8859" description="References to ISO-Latin character sets. Should probably change to UTF-8" category="" helpPage="" enabled="true" priority="1"/>
    <generalPattern name="Encoding.ASCII" pattern="\bEncoding\.ASCII\b" description="Encoding.ASCII" category="" helpPage="generalPatterns/cs_EncodingASCII.html" enabled="true" priority="1"/>
    <generalPattern name="Charset" pattern="\bCharset\b" description="Charset Property" category="" helpPage="" enabled="true" priority="1"/>
    <generalPattern name="CurrentUICulture" pattern="\bCurrentUICulture\b" description="CurrentUICulture" category="" helpPage="generalPatterns/cs_culUICrnt.html" enabled="true" priority="1"/>
    <generalPattern name="DefaultInvariant" pattern="\bDefaultInvariant\b" description="DefaultInvariant" category="" helpPage="" enabled="true" priority="1"/>
    <generalPattern name="RightToLeft" pattern="\bRightToLeft\b" description="Control.RightToLeft Property" category="" helpPage="" enabled="true" priority="3"/>
    <generalPattern name="LeftRightAlignment" pattern="\bLeftRightAlignment\b" description="LeftRightAlignment" category="" helpPage="" enabled="true" priority="3"/>
    <generalPattern name="Encoding.WindowsCodePage" pattern="\bEncoding\.WindowsCodePage\b" description="Encoding.WindowsCodePage" category="" helpPage="generalPatterns/cs_WindowsCodePage.html" enabled="true" priority="1"/>
    <generalPattern name="Font family" pattern="(?i)\bfont-family[:=][\s&apos;&quot;\\]*[-\w,\s]+[&apos;&quot;\\]*" description="Detect hardcoded font names. Should be either locale-dependent or a Unicode font." category="" helpPage="" enabled="true" priority="3"/>
    <generalPattern name="InvariantCulture" pattern="\bInvariantCulture\b" description="InvariantCulture" category="" helpPage="" enabled="true" priority="1"/>
    <generalPattern name="CompareOptions.IgnoreCase" pattern="\bCompareOptions\.IgnoreCase\b" description="CompareOptions.IgnoreCase" category="" helpPage="" enabled="true" priority="2"/>
    <generalPattern name="CompareOptions.None" pattern="\bCompareOptions\.None\b" description="CompareOptions.None" category="" helpPage="" enabled="true" priority="2"/>
    <generalPattern name="DateTime.Now" pattern="\bDateTime\.Now\b" description="DateTime.Now" category="" helpPage="generalPatterns/cs_DateTimeNow.html" enabled="true" priority="1"/>
    <generalPattern name="CompareOptions.IgnoreKanaType" pattern="\bCompareOptions\.IgnoreKanaType\b" description="CompareOptions.IgnoreKanaType" category="" helpPage="" enabled="true" priority="2"/>
    <generalPattern name="CurrentCulture" pattern="\bCurrentCulture\b" description="CurrentCulture" category="" helpPage="generalPatterns/cs_culCrnt.html" enabled="true" priority="1"/>
    <generalPattern name="Encoding.UTF7" pattern="\bEncoding\.UTF7\b" description="Encoding.UTF7" category="" helpPage="generalPatterns/cs_EncodingUTF7.html" enabled="true" priority="3"/>
    <generalPattern name="Encoding.UTF8" pattern="\bEncoding\.UTF8\b" description="Encoding.UTF8" category="" helpPage="generalPatterns/cs_EncodingUTF8.html" enabled="true" priority="3"/>
    <generalPattern name="DateTimeFormatInfo.InvariantInfo" pattern="\bDateTimeFormatInfo\.InvariantInfo\b" description="DateTimeFormatInfo.InvariantInfo" category="" helpPage="generalPatterns/cs_InvariantInfo.html" enabled="true" priority="1"/>
    <generalPattern name="CompareOptions.IgnoreSymbols" pattern="\bCompareOptions\.IgnoreSymbols\b" description="CompareOptions.IgnoreSymbols" category="" helpPage="" enabled="true" priority="2"/>
    <generalPattern name="Language" pattern="\bLanguage\b" description="Language" category="" helpPage="" enabled="true" priority="1"/>
    <generalPattern name="ContentAlignment" pattern="\bContentAlignment\b" description="ContentAlignment" category="" helpPage="" enabled="true" priority="3"/>
    <generalPattern name="CharSet.Unicode" pattern="\bCharSet\.Unicode\b" description="DLL Import CharSet.Unicode" category="" helpPage="" enabled="true" priority="1"/>
    <generalPattern name="CodePageType" pattern="\bCodePageType\b" description="CodePageType for ADO" category="" helpPage="" enabled="true" priority="1"/>
    <generalPattern name="CompareOptions.IgnoreNonSpace" pattern="\bCompareOptions\.IgnoreNonSpace\b" description="CompareOptions.IgnoreNonSpace" category="" helpPage="" enabled="true" priority="2"/>
    <generalPattern name="Encoding.UTF32" pattern="\bEncoding\.UTF32\b" description="Encoding.UTF32" category="" helpPage="" enabled="true" priority="3"/>
    <generalPattern name="Clipboard Text Format Locale" pattern="\bCF_LOCALE\b" description="Clipboard Text Format Locale" category="" helpPage="" enabled="true" priority="3"/>
    <generalPattern name="CodePage" pattern="\bCodePage\b" description="CodePage" category="" helpPage="" enabled="true" priority="1"/>
    <generalPattern name="CompareOptions.StringSort" pattern="\bCompareOptions\.StringSort\b" description="CompareOptions.StringSort" category="" helpPage="" enabled="true" priority="2"/>
    <generalPattern name="InvariantInfo" pattern="\bInvariantInfo\b" description="DateTime/Number Format Neutral Locale" category="" helpPage="generalPatterns/cs_InvariantInfo.html" enabled="true" priority="1"/>
    <generalPattern name="Encoding.Unicode" pattern="\bEncoding\.Unicode\b" description="Encoding.Unicode" category="" helpPage="generalPatterns/cs_EncodingUnicode.html" enabled="true" priority="3"/>
    <generalPattern name="DayOfWeek" pattern="\bDayOfWeek\b" description="\bDayOfWeek\b" category="" helpPage="generalPatterns/cs_DayOfWeek.html" enabled="true" priority="1"/>
    <generalPattern name="Font reference in HTML" pattern="(?i)\bface\s*=(\w+|\s*[&apos;&quot;\\]+[-\w,\s]+[&apos;&quot;\\]+)" description="Detect hardcoded font names. Should be either locale-dependent or a Unicode font." category="" helpPage="" enabled="true" priority="3"/>
    <generalPattern name="HorizontalAlignment" pattern="\bHorizontalAlignment\b" description="Horizontal Alignment" category="" helpPage="" enabled="true" priority="3"/>
    <generalPattern name="CompareOptions.IgnoreWidth" pattern="\bCompareOptions\.IgnoreWidth\b" description="CompareOptions.IgnoreWidth" category="" helpPage="" enabled="true" priority="2"/>
    <generalPattern name="CompareOptions.Ordinal" pattern="\bCompareOptions\.Ordinal\b" description="CompareOptions.Ordinal" category="" helpPage="" enabled="true" priority="2"/>
    <generalPattern name="ClientCharset" pattern="\bClientCharset\b" description="ClientCharset for ADO" category="" helpPage="" enabled="true" priority="1"/>
    <generalPattern name="CharSet.Ansi" pattern="\bCharSet\.Ansi\b" description="DLL Import CharSet.Ansi" category="" helpPage="" enabled="true" priority="1"/>
    <generalPattern name="Alignment" pattern="\bAlignment\b" description="StringFormat.Alignment Property" category="" helpPage="" enabled="true" priority="3"/>
    <generalPattern name="IetfLanguageTag" pattern="\bIetfLanguageTag\b" description="The RFC 4646 standard identification for a language; deprecated" category="" helpPage="https://msdn.microsoft.com/en-us/library/system.globalization.cultureinfo.ietflanguagetag(v=vs.110).aspx" enabled="true" priority="1"/>
    <generalPattern name="ORDER BY" pattern="(?i)\bORDER\s+BY\b" description="Finds SQL ORDER BY sort keyword. Ensure that sorting of locale-sensitive text sorts properly." category="" helpPage="" enabled="true" priority="2"/>
    <generalPattern name="CurrentInfo" pattern="\bCurrentInfo\b" description="CurrentInfo" category="" helpPage="generalPatterns/cs_numCrnt.html" enabled="true" priority="1"/>
    <generalPattern name="Clipboard Text Format ANSI Text" pattern="\bCF_(OEM)*TEXT\b" description="Clipboard Text Format ANSI" category="" helpPage="generalPatterns/vb_cf_unicodetext.html" enabled="true" priority="1"/>
    <generalPattern name="TextAlign" pattern="\bTextAlign\b" description="ButtonBase.TextAlign" category="" helpPage="" enabled="true" priority="3"/>
    <generalPattern name="Font style" pattern="(?i)\bfont-(weight|style):\w+\b" description="The style of a font (e.g. bold, italic) may not not look good in a locale&apos;s preferred font." category="" helpPage="" enabled="true" priority="3"/>
    <generalPattern name="Clipboard Text Format UniTxt" pattern="\bCF_UNICODETEXT\b" description="Clipboard Text Format Uni" category="" helpPage="generalPatterns/vb_cf_unicodetext.html" enabled="true" priority="3"/>
    <generalPattern name="RightToLeftLayout" pattern="\bRightToLeftLayout\b" description="Form.RightToLeftLayout Property" category="" helpPage="" enabled="true" priority="3"/>
    <fileExtensionFilter name="Test Directories" pattern="**/test/**" description="Filter test directories." category="" helpPage="" enabled="false" priority="1" patternType="2"/>
    <fileExtensionFilter name="svn Directories" pattern="**/.svn/**" description="Filter svn directories." category="" helpPage="" enabled="true" priority="1" patternType="2"/>
    <stringLineFilter name="Object name" pattern="\.Name\s*=" description="Filters field or control names." category="" helpPage="" enabled="true" priority="1"/>
    <stringLineFilter name="Assembly attribute" pattern="assembly\:\s*[^(]+\(" description="Filters embedded strings that occur in assembly attribute calls." category="" helpPage="" enabled="true" priority="1"/>
    <stringLineFilter name="Region directives" pattern="#\s*region" description="Filters region directive strings." category="" helpPage="" enabled="true" priority="1"/>
    <stringLiteralFilter name="SQL ORDER BY" pattern="(?i)\bORDER\s+BY\s" description="Filters SQL ORDER BY clause" category="" helpPage="" enabled="true" priority="1"/>
    <stringLiteralFilter name="File extension - Source" pattern="\A(?i)(cs|aspx|acsx)\Z" description="Filters strings that contain only a source code file extension" category="" helpPage="" enabled="true" priority="1"/>
    <stringLiteralFilter name="HTML tags with insertions" pattern="\A(&lt;[^&gt;]+&gt;|%[-\\a-zA-Z0-9_\.&apos;:]+|\\n|\\r|\P{L})+\Z" description="Filters strings containing HTML tags and dynamic insertions" category="" helpPage="" enabled="true" priority="1"/>
    <stringLiteralFilter name="SQL DELETE" pattern="(?i)\bDELETE\b.+\bFROM\b" description="Filters SQL FROM statements" category="" helpPage="" enabled="true" priority="1"/>
    <stringLiteralFilter name="Numbers with optional letters" pattern="(?i)\A[a-z]*[0-9]+[a-z]*\Z" description="Filters numbers with optional letters" category="" helpPage="" enabled="true" priority="1"/>
    <stringLiteralFilter name="File extension - Other" pattern="\A(?i)(xml|xsl|cfg|txt|tmp|html?|log|csv)\Z" description="Filters strings that are one of these file extensions" category="" helpPage="" enabled="true" priority="1"/>
    <stringLiteralFilter name="HTML entities" pattern="\A(&lt;[^&gt;]+&gt;|&amp;[a-z]+[;]*|\P{L})+\Z" description="Filters strings containing one or more HTML entities" category="" helpPage="" enabled="true" priority="1"/>
    <stringLiteralFilter name="SQL UPDATE" pattern="(?i)\bUPDATE\b.+\bSET\b" description="Filters SQL UPDATE statements" category="" helpPage="" enabled="true" priority="1"/>
    <stringLiteralFilter name="Single letter" pattern="\A\w\Z" description="Filters single letter strings which are highly unlikely to require translation" category="" helpPage="" enabled="true" priority="1"/>
    <stringLiteralFilter name="Insertions only" pattern="\A(%[-\\a-zA-Z0-9_\.&apos;:]+|\\n|\\r|\P{L})+\Z" description="Filters strings that consist only of dynamic insertions. For example: &quot;%s&quot;" category="" helpPage="" enabled="true" priority="1"/>
    <stringLiteralFilter name="name=value or name==value" pattern="\A[&apos;&quot;\s]*[\S&amp;&amp;[^=]]*\s*==?\s*[\S&amp;&amp;[^=]]*[&apos;&quot;\s]*\Z" description="Filters name=value and name==value strings" category="" helpPage="" enabled="true" priority="1"/>
    <stringLiteralFilter name="String starts with special char" pattern="\A\s*[:;,~]+\S+" description="Filters strings where the first word begins with one of these" category="" helpPage="" enabled="true" priority="1"/>
    <stringLiteralFilter name="Underscored or dashed" pattern="\A\s*[^\s-_]*([-_][^\s-_]*)+\s*\Z" description="Filters underscored or dashed strings. For example: &quot;some-word&quot;, &quot;{some_word}&quot;, &quot;-word&quot;" category="" helpPage="" enabled="true" priority="1"/>
    <stringLiteralFilter name="SQL CREATE TABLE" pattern="(?i)\bCREATE\b.+\bTABLE\b" description="Filters SQL CREATE TABLE statements" category="" helpPage="" enabled="true" priority="1"/>
    <stringLiteralFilter name="SQL INSERT" pattern="(?i)\bINSERT\b.+\bINTO\b" description="Filters SQL INSERT statements" category="" helpPage="" enabled="true" priority="1"/>
    <stringLiteralFilter name="URL parameters" pattern="\A(\?|\&amp;)\w+\=\Z" description="Filters URL parameters: ?letters= or &amp;letters=" category="" helpPage="" enabled="true" priority="1"/>
    <stringLiteralFilter name="Path only" pattern="\A\s*[\\/]*([-A-Za-z0-9_\.]+[\\/]+)+\s*\Z" description="Filters strings consisting only of paths, e.g. \data\sports\" category="" helpPage="" enabled="true" priority="1"/>
    <stringLiteralFilter name="Filepath or URL" pattern="(?i)\A\s*[a-z]\w*:[\\/]+\S*\s*\Z" description="Filters strings consisting only of filepaths or URLS, e.g. c:\data\sports and http://www.lingoport.com" category="" helpPage="" enabled="true" priority="1"/>
    <stringLiteralFilter name="File extension - Image" pattern="\A(?i)(png|jpg|ico|gif|bmp|xpm)\Z" description="Filters strings that contain only an image file extension" category="" helpPage="" enabled="true" priority="1"/>
    <stringLiteralFilter name="Camel case word" pattern="\A[\P{L}&amp;&amp;[^\\]]*\w*[a-z][A-Z]\w*\P{L}*\Z" description="Filters camel case word (containing one or more lowercase letters followed by one or more uppercase letters)" category="" helpPage="" enabled="true" priority="1"/>
    <stringLiteralFilter name="SQL SELECT" pattern="(?i)\bSELECT\b.+\bFROM\b" description="Filters SQL SELECT statements" category="" helpPage="" enabled="true" priority="1"/>
    <stringLiteralFilter name="Word starts with special char" pattern="\s[:;,]+\S+" description="Filters strings that contain a word that starts with one of these" category="" helpPage="" enabled="true" priority="1"/>
    <stringLiteralFilter name="SQL WHERE" pattern="(?i)\bWHERE\b.+=" description="Filters SQL WHERE clause" category="" helpPage="" enabled="true" priority="1"/>
    <stringLiteralFilter name="Non-letter chars only" pattern="\A(\\r|\\n|\P{L})+\Z" description="Filters strings consisting entirely of non-letter characters and linefeeds" category="" helpPage="" enabled="true" priority="1"/>
    <stringLiteralFilter name="Keyword" pattern="\A\$\w+\Z" description="Filters keywords such as $this" category="" helpPage="" enabled="true" priority="1"/>
    <stringLiteralFilter name="Filepath" pattern="\A\s*[\\/]*[-A-Za-z0-9_\.]+[\\/]+[-A-Za-z0-9_\./\\*]+\.\S+\s*\Z" description="Filters strings consisting only of filenames and paths, e.g. data\sports.cfg" category="" helpPage="" enabled="true" priority="1"/>
    <stringLiteralFilter name="ID" pattern="\A(?i)ID\Z" description="ID alone is usually always a program element" category="" helpPage="" enabled="true" priority="1"/>
    <stringLiteralFilter name="UTF-8 encoding" pattern="\A(?i)\s*UTF-?8\s*\Z" description="UTF-8 encoding string is not translatable" category="" helpPage="" enabled="true" priority="1"/>
    <stringLiteralFilter name="Script special chars" pattern="\) %&gt;" description="Filters left overs from strings inside script blocks" category="" helpPage="" enabled="true" priority="1"/>
    <stringLiteralFilter name="Embedded special chars" pattern="\w[:#$%]\w" description="Filters programmatic elements that contain any of the characters in this character-class expression" category="" helpPage="" enabled="true" priority="1"/>
    <stringLiteralFilter name="Common programmatic" pattern="(?i)\A(localhost|root|ftp:?|https?:?)\Z" description="Filters common programmatic strings" category="" helpPage="" enabled="true" priority="1"/>
    <stringLiteralFilter name="Simple filename" pattern="\A[-a-zA-Z0-9_]+\.[-a-zA-Z0-9_]+(\.[-a-zA-Z0-9_]+)*\Z" description="Filenames are usually locale-independent" category="" helpPage="" enabled="true" priority="1"/>
    <stringLiteralFilter name="File extension - General" pattern="(?i)\A\P{L}*\.\w+\P{L}*\Z" description="Filters strings that contain only a file extension: .xxx" category="" helpPage="" enabled="true" priority="1"/>
    <stringLiteralFilter name="HTML tags/Special chars only" pattern="\A(&lt;[^&gt;]+&gt;|\\n|\\r|\P{L})+\Z" description="Filters a literal that contains only HTML tags or special characters. If it contains display text between the tags, then it is not filtered" category="" helpPage="" enabled="true" priority="1"/>
    <stringMethodFilter name="Guid" pattern="Guid" description="Filters strings passed to Guid" category="" helpPage="" enabled="true" priority="1" varTypes=""/>
    <stringMethodFilter name="CultureInfo" pattern="CultureInfo" description="Filters culture definition string" category="" helpPage="" enabled="true" priority="1" varTypes=""/>
    <stringMethodFilter name="Xml*Attribute" pattern="Xml[a-zA-Z]*Attribute" description="Filters xml attribute strings" category="" helpPage="" enabled="true" priority="1" varTypes=""/>
    <stringMethodFilter name="ApplyResources" pattern="ApplyResources" description="Filters strings passed to ApplyResources" category="" helpPage="" enabled="true" priority="1" varTypes=""/>
    <stringMethodFilter name="Debug string" pattern="Debug\.(WriteLine|WriteLinelf|Write|Writelf|Print)" description="Filters debug strings" category="" helpPage="" enabled="true" priority="1" varTypes=""/>
    <stringMethodFilter name="Resource key" pattern="GetString" description="Filters keys passed in to retrieve resources" category="" helpPage="" enabled="true" priority="1" varTypes=""/>
    <stringMethodFilter name="RaisePropertyChanged" pattern="RaisePropertyChanged" description="Filters strings passed to RaisePropertyChanged" category="" helpPage="" enabled="true" priority="1" varTypes=""/>
    <stringMethodFilter name="GetManifestResourceStream" pattern="GetManifestResourceStream" description="Filters strings passed to GetManifestResourceStream" category="" helpPage="" enabled="true" priority="1" varTypes=""/>
    <stringMethodFilter name="XmlReflectionImporter" pattern="XmlReflectionImporter" description="Filters strings passed to XmlReflectionImporter" category="" helpPage="" enabled="true" priority="1" varTypes=""/>
    <stringMethodFilter name="WriteDebug" pattern="WriteDebug" description="Filters debug strings" category="" helpPage="" enabled="true" priority="1" varTypes=""/>
    <stringMethodFilter name="Console Write" pattern="Console\.WriteLine" description="Filters strings sent to console" category="" helpPage="" enabled="true" priority="1" varTypes=""/>
    <stringMethodFilter name="Cmdlet" pattern="Cmdlet" description="Filters strings passed to Cmdlet constructor" category="" helpPage="" enabled="true" priority="1" varTypes=""/>
    <stringMethodFilter name="XmlElement" pattern="XmlElement" description="Filters xml element strings" category="" helpPage="" enabled="true" priority="1" varTypes=""/>
    <stringMethodFilter name="DefaultMemberAttribute" pattern="DefaultMemberAttribute" description="Filters strings passed to DefaultMemberAttribute" category="" helpPage="" enabled="true" priority="1" varTypes=""/>
    <stringMethodFilter name="AssemblyCompanyAttribute" pattern="AssemblyCompanyAttribute" description="Filters strings passed to AssemblyCompanyAttribute constructor" category="" helpPage="" enabled="true" priority="1" varTypes=""/>
    <stringMethodFilter name="OnPropertyChanged" pattern="OnPropertyChanged" description="Filters strings passed to OnPropertyChanged" category="" helpPage="" enabled="true" priority="1" varTypes=""/>
    <stringMethodFilter name="Assert" pattern="Assert" description="Filters assert strings" category="" helpPage="" enabled="true" priority="1" varTypes=""/>
    <stringMethodFilter name="Bitmap" pattern="Bitmap" description="Filters strings passed to Bitmap constructor" category="" helpPage="" enabled="true" priority="1" varTypes=""/>
    <stringMethodFilter name="Resource filename" pattern="CreateFileBasedResourceManager" description="Filters resource filenames" category="" helpPage="" enabled="true" priority="1" varTypes=""/>
    <stringMethodFilter name="Trace" pattern="Trace" description="Filters strings passed to debug function" category="" helpPage="" enabled="true" priority="1" varTypes=""/>
    <stringMethodFilter name="XmlSerializer" pattern="XmlSerializer" description="Filters strings passed to XmlSerializer" category="" helpPage="" enabled="true" priority="1" varTypes=""/>
    <stringOperandFilter name="ID" pattern="\w+_ID" description="Filter strings assigned/compared to ID variables" category="" helpPage="" enabled="true" priority="1"/>
    <staticFileFilter name="System.Xml Reference" pattern="(?i)system\.xml" description="Filters System.Xml References" category="" helpPage="" enabled="true" priority="1"/>
    <staticFileFilter name="Blank Image" pattern="(?i)\bblank\b" description="Filters image references named &quot;blank&quot;" category="" helpPage="" enabled="true" priority="1"/>
    <staticFileFilter name="Space Image" pattern="(?i)\bspace\b" description="Filters image references named &quot;space&quot;" category="" helpPage="" enabled="true" priority="1"/>
    <profile hasgeneric="true" stringmethodfilter="true" localesensitive="true" stmterminator=";" strdelimiter="&quot;" chardelimiter="&quot;,&apos;" linecomment="//" blockcomment="/*,*/" methodcall="paren" defresource="resx" resources="properties,resx,xml" strops=":,=,+=,!=,==" concatchars="+,+=" arrayindexdelimiter="[,]" arrayinitializer="" usealt="false" clientscript="false" serverscript="true" statementdelims=""/>
    <resource extension="resx" description="resx resource file type" method="GetString(&quot;[key]&quot;)" altmethod="&lt;%=GetString(&quot;[key]&quot;)%&gt;"/>
  </ruleset>
</export>